{"cameraMode":{"drawMode":0,"name":"Shaded","section":"Shading Mode"},"sceneLighting":true,"audioPlay":false,"sceneViewState":{"m_AlwaysRefresh":false,"showFog":true,"showSkybox":true,"showFlares":true,"showImageEffects":true,"showParticleSystems":true,"showVisualEffectGraphs":true,"m_FxEnabled":true},"in2DMode":false,"pivot":{"x":-0.3836223781108856,"y":0.543461799621582,"z":0.45568013191223147},"rotation":{"x":0.416777640581131,"y":0.0013635094510391355,"z":-0.0006251672748476267,"w":0.9090069532394409},"size":18.412261962890626,"orthographic":false}